{
  "binary_accuracy": [
    0.5891156196594238,
    0.680272102355957,
    0.6687074899673462,
    0.6897959113121033,
    0.6938775181770325,
    0.7278910875320435,
    0.7421769499778748,
    0.7605442404747009,
    0.7455782294273376,
    0.7693877816200256,
    0.7687075138092041,
    0.7700680494308472,
    0.7755102515220642,
    0.7666667103767395,
    0.7693877816200256,
    0.7639455795288086,
    0.7680272459983826,
    0.7721088528633118,
    0.7734694480895996,
    0.7802721261978149,
    0.7755101919174194,
    0.7775510549545288,
    0.7748299241065979,
    0.7741496562957764,
    0.7693877220153809,
    0.7721088528633118,
    0.7748299241065979,
    0.7646258473396301,
    0.7802720665931702,
    0.7727891206741333,
    0.7741497159004211
  ],
  "loss": [
    0.6880558729171753,
    0.6629696488380432,
    0.6276256442070007,
    0.5888971090316772,
    0.5586004853248596,
    0.5366479754447937,
    0.5205874443054199,
    0.49696752429008484,
    0.5048373341560364,
    0.48635172843933105,
    0.47404125332832336,
    0.4703162610530853,
    0.46394380927085876,
    0.4638400077819824,
    0.46109646558761597,
    0.45290014147758484,
    0.4544266164302826,
    0.44898927211761475,
    0.4517803192138672,
    0.4483303129673004,
    0.4485231637954712,
    0.45381101965904236,
    0.4470239281654358,
    0.44811663031578064,
    0.4505971372127533,
    0.44313618540763855,
    0.4465498626232147,
    0.44887199997901917,
    0.4470272958278656,
    0.4409237504005432,
    0.44583943486213684
  ],
  "precision": [
    0.30816325545310974,
    0.4360189437866211,
    0.4271047115325928,
    0.45708155632019043,
    0.46171170473098755,
    0.52173912525177,
    0.5524079203605652,
    0.6025640964508057,
    0.5860655903816223,
    0.6842105388641357,
    0.708791196346283,
    0.7052631378173828,
    0.7388888597488403,
    0.6871795058250427,
    0.7015706896781921,
    0.6666666865348816,
    0.6777251362800598,
    0.695652186870575,
    0.6877828240394592,
    0.701298713684082,
    0.6954545378684998,
    0.7013574838638306,
    0.6995305418968201,
    0.6891891956329346,
    0.6681222915649414,
    0.6849315166473389,
    0.692307710647583,
    0.6483050584793091,
    0.7030567526817322,
    0.6737288236618042,
    0.6721311211585999
  ],
  "recall": [
    0.36298078298568726,
    0.4423076808452606,
    0.5,
    0.5120192170143127,
    0.4927884638309479,
    0.4615384638309479,
    0.46875,
    0.45192307233810425,
    0.34375,
    0.34375,
    0.3100961446762085,
    0.32211539149284363,
    0.3197115361690521,
    0.32211539149284363,
    0.32211539149284363,
    0.33173078298568726,
    0.34375,
    0.3461538553237915,
    0.36538460850715637,
    0.38942307233810425,
    0.3677884638309479,
    0.3725961446762085,
    0.35817307233810425,
    0.3677884638309479,
    0.3677884638309479,
    0.36057692766189575,
    0.3677884638309479,
    0.3677884638309479,
    0.38701921701431274,
    0.3822115361690521,
    0.39423078298568726
  ],
  "val_binary_accuracy": [
    0.6476191282272339,
    0.6476191282272339,
    0.7174602746963501,
    0.7174602746963501,
    0.761904776096344,
    0.800000011920929,
    0.800000011920929,
    0.8412697911262512,
    0.8698412775993347,
    0.8698412775993347,
    0.8698412775993347,
    0.8698412775993347,
    0.8698412775993347,
    0.8666666746139526,
    0.873015820980072,
    0.873015820980072,
    0.873015820980072,
    0.873015820980072,
    0.873015820980072,
    0.873015820980072,
    0.873015820980072,
    0.873015820980072,
    0.873015820980072,
    0.873015820980072,
    0.873015820980072,
    0.873015820980072,
    0.873015820980072,
    0.873015820980072,
    0.873015820980072,
    0.873015820980072,
    0.873015820980072
  ],
  "val_loss": [
    0.6689609289169312,
    0.6272469758987427,
    0.5790178775787354,
    0.5345171689987183,
    0.4954070448875427,
    0.46167272329330444,
    0.42910048365592957,
    0.39793047308921814,
    0.37586334347724915,
    0.3668282926082611,
    0.35809051990509033,
    0.35038888454437256,
    0.3456108868122101,
    0.34216341376304626,
    0.338049978017807,
    0.33698973059654236,
    0.3381889760494232,
    0.3375406861305237,
    0.3368799090385437,
    0.33303049206733704,
    0.3307821452617645,
    0.3324005901813507,
    0.33302173018455505,
    0.3371064066886902,
    0.33726876974105835,
    0.3375338613986969,
    0.3367023766040802,
    0.3351183533668518,
    0.3358963131904602,
    0.3381050229072571,
    0.33969762921333313
  ],
  "val_precision": [
    0.24444444477558136,
    0.27450981736183167,
    0.4000000059604645,
    0.4000000059604645,
    0.4431818127632141,
    0.5166666507720947,
    0.5166666507720947,
    0.6666666865348816,
    0.8999999761581421,
    0.8999999761581421,
    0.8999999761581421,
    0.8999999761581421,
    0.8999999761581421,
    0.8709677457809448,
    0.9032257795333862,
    0.7777777910232544,
    0.7777777910232544,
    0.7777777910232544,
    0.7777777910232544,
    0.7777777910232544,
    0.7777777910232544,
    0.7777777910232544,
    0.7777777910232544,
    0.7777777910232544,
    0.7777777910232544,
    0.7777777910232544,
    0.7777777910232544,
    0.7777777910232544,
    0.7777777910232544,
    0.7777777910232544,
    0.7777777910232544
  ],
  "val_recall": [
    0.3384615480899811,
    0.4307692348957062,
    0.7384615540504456,
    0.7384615540504456,
    0.6000000238418579,
    0.4769230782985687,
    0.4769230782985687,
    0.4615384638309479,
    0.4153846204280853,
    0.4153846204280853,
    0.4153846204280853,
    0.4153846204280853,
    0.4153846204280853,
    0.4153846204280853,
    0.4307692348957062,
    0.5384615659713745,
    0.5384615659713745,
    0.5384615659713745,
    0.5384615659713745,
    0.5384615659713745,
    0.5384615659713745,
    0.5384615659713745,
    0.5384615659713745,
    0.5384615659713745,
    0.5384615659713745,
    0.5384615659713745,
    0.5384615659713745,
    0.5384615659713745,
    0.5384615659713745,
    0.5384615659713745,
    0.5384615659713745
  ],
  "learning_rate": [
    0.0010000000474974513,
    0.0010000000474974513,
    0.0010000000474974513,
    0.0010000000474974513,
    0.0010000000474974513,
    0.0010000000474974513,
    0.0010000000474974513,
    0.0010000000474974513,
    0.0010000000474974513,
    0.0010000000474974513,
    0.0010000000474974513,
    0.0010000000474974513,
    0.0010000000474974513,
    0.0010000000474974513,
    0.0010000000474974513,
    0.0010000000474974513,
    0.0010000000474974513,
    0.0010000000474974513,
    0.0010000000474974513,
    0.0010000000474974513,
    0.0010000000474974513,
    0.0010000000474974513,
    0.0010000000474974513,
    0.0010000000474974513,
    0.0010000000474974513,
    0.0010000000474974513,
    0.0005000000237487257,
    0.0005000000237487257,
    0.0005000000237487257,
    0.0005000000237487257,
    0.0005000000237487257
  ]
}